sample_left,sample_right,n,mean_cmos_left_minus_right,median,sd,se,ci_low,ci_high,positive_votes,negative_votes,tie_votes,sign_test_p,holm_p,conclusion,count_-3,count_-2,count_-1,count_0,count_1,count_2,count_3
A,B,5,1.4,1.0,0.5477225575051661,0.24494897427831777,0.9199088323644691,1.8800911676355307,5,0,0,0.0625,0.375,A 平均更优，但统计证据不足或不完全一致,0,0,0,0,3,2,0
A,C,5,1.8,2.0,0.8366600265340756,0.3741657386773941,1.0666486279434824,2.5333513720565177,5,0,0,0.0625,0.375,A 平均更优，但统计证据不足或不完全一致,0,0,0,0,2,2,1
A,D,5,2.4,2.0,0.5477225575051661,0.24494897427831777,1.919908832364469,2.8800911676355305,5,0,0,0.0625,0.375,A 平均更优，但统计证据不足或不完全一致,0,0,0,0,0,3,2
B,C,5,1.2,1.0,0.4472135954999579,0.19999999999999998,0.8080072030919893,1.5919927969080105,5,0,0,0.0625,0.375,B 平均更优，但统计证据不足或不完全一致,0,0,0,0,4,1,0
B,D,5,1.6,2.0,0.5477225575051661,0.24494897427831777,1.1199088323644693,2.0800911676355307,5,0,0,0.0625,0.375,B 平均更优，但统计证据不足或不完全一致,0,0,0,0,2,3,0
C,D,5,1.0,1.0,0.0,0.0,1.0,1.0,5,0,0,0.0625,0.375,C 平均更优，但统计证据不足或不完全一致,0,0,0,0,5,0,0
